DROP TABLE ORDERED_PRODUCT;
DROP TABLE SHOPPINGBAG;
DROP TABLE CATEGORY;
DROP TABLE MINOR_CATEGORY;
DROP TABLE MAJOR_CATEGORY;
DROP TABLE ITEM;
DROP TABLE PRODUCERLOCATION;
DROP TABLE STOCK_DATA;
DROP TABLE ORDERED;
DROP TABLE CUSTOMER;
DROP TABLE RETAILER;
DROP TABLE ADMIN;

CREATE TABLE ADMIN (
	ad_id	varchar(30)	NOT NULL,
	ad_pass	varchar(30)	NOT NULL,
	PRIMARY KEY (ad_id)
);

CREATE TABLE PRODUCERLOCATION (
	Pl_num INT(10) NOT NULL,
	Producer VARCHAR(30),
	Location VARCHAR(30),
	PRIMARY KEY (Pl_num)
);

CREATE TABLE STOCK_DATA (
	Office_num INT(10) NOT NULL,
	Product_number INT(10) NOT NULL,
	Stock INT(10),
	PRIMARY KEY (Office_num, Product_number)
);

CREATE TABLE CUSTOMER (
	Cus_id VARCHAR(30) NOT NULL,
	Cus_password VARCHAR(30),
	Address VARCHAR(30),
	Phone_num VARCHAR(30),
	First_name VARCHAR(30),
	Last_name VARCHAR(30),
	Sex CHAR,
	Birthdate DATE,
	Job VARCHAR(30),
	/*Count INT(11) AUTO_INCREMENT,*/
	PRIMARY KEY (Cus_id)
);

CREATE TABLE RETAILER(
	Office_num INT(10),
	Address VARCHAR(30),
	PRIMARY KEY (Office_num)
);

CREATE TABLE ITEM (
	Product_number	int(10) NOT NULL,
	Product_name 	varchar(30),
	Date_of_manufacture	DATE,
	Expiration_date	DATE,
	Importer	varchar(30),
	Price		int(10),
	PL_num	int(10),
	PRIMARY KEY (Product_number),
	FOREIGN KEY (PL_num) REFERENCES PRODUCERLOCATION(PL_num)
);

CREATE TABLE SHOPPINGBAG (
	Cus_id	VARCHAR(30),
	Product_number	int(10),
	Add_num	int(5),
	FOREIGN KEY(Cus_id) REFERENCES CUSTOMER(Cus_id),
	FOREIGN KEY(Product_number) REFERENCES ITEM(Product_number)
);

CREATE TABLE MAJOR_CATEGORY (
	Major_tag	VARCHAR(30)	NOT NULL,
	Major_number	int(10)	NOT NULL,
	PRIMARY KEY (Major_number)
);

CREATE TABLE MINOR_CATEGORY (
	Minor_tag	VARCHAR(30)	NOT NULL,
	Minor_number	int(10)	NOT NULL,
	Major_number	int(10) NOT NULL,
	PRIMARY KEY (Minor_number),
	FOREIGN KEY (Major_number) REFERENCES MAJOR_CATEGORY (Major_number)
);

CREATE TABLE CATEGORY (
	Product_number	int(10)	NOT NULL,
	Minor_number	int(10),
	Major_number	int(10),
	FOREIGN KEY(Product_number) REFERENCES ITEM(Product_number),
	FOREIGN KEY(Major_number) REFERENCES MAJOR_CATEGORY(Major_number),
	FOREIGN KEY(Minor_number) REFERENCES MINOR_CATEGORY(Minor_number)
	on delete cascade
	on update cascade
);
	
CREATE TABLE ORDERED (
	Order_num INT(10),
	Cus_id VARCHAR(30),
	Office_num INT(10),
	Ordered_date DATE,
	PRIMARY KEY (Order_num),
	FOREIGN KEY (Cus_id) REFERENCES CUSTOMER (Cus_id),
	FOREIGN KEY (Office_num) REFERENCES RETAILER (Office_num)
);

CREATE TABLE ORDERED_PRODUCT (
	Order_num INT(10),
	Product_number INT(10),
	Product_quantity INT(10),
	PRIMARY KEY (Order_num, Product_number),
	FOREIGN KEY (Order_num) REFERENCES ORDERED (Order_num),
	FOREIGN KEY (Product_number) REFERENCES ITEM (Product_number)
);

INSERT INTO ADMIN VALUES('admin', 'admin');

Insert into RETAILER values(1, 'Seoul');
Insert into RETAILER values(2, 'Daegu');
Insert into RETAILER values(3, 'Incheon');
Insert into RETAILER values(4, 'Busan');
Insert into RETAILER values(5, 'Ulsan');
Insert into RETAILER values(6, 'Gwangju');
Insert into RETAILER values(7, 'Daejeon');
Insert into RETAILER values(8, 'Gyeonggi-do');
Insert into RETAILER values(9, 'Gangwon-do');
Insert into RETAILER values(10, 'Chungcheongbuk-do');
Insert into RETAILER values(11, 'Chungcheongnam-do');
Insert into RETAILER values(12, 'Jeollabuk-do');
Insert into RETAILER values(13, 'Jeollanam-do');
Insert into RETAILER values(14, 'Gyeonsangbuk-do');
Insert into RETAILER values(15, 'Gyeonsangnam-do');
Insert into RETAILER values(16, 'Jeju-do');

Insert into PRODUCERLOCATION values(1, 'Kim-Jin', 'Seoul');
Insert into PRODUCERLOCATION values(2, 'Kim-Jaeil', 'Deagu');
Insert into PRODUCERLOCATION values(3, 'Park-Jisung', 'Incheon');
Insert into PRODUCERLOCATION values(4, 'Ki-Sungyoung', 'Ulsan');
Insert into PRODUCERLOCATION values(5, 'Ku-Jachul', 'Gwangju');
Insert into PRODUCERLOCATION values(6, 'Lee-Chungyoung', 'Daejeon');
Insert into PRODUCERLOCATION values(7, 'Choi-Wontae', 'Gyeonggi-do');
Insert into PRODUCERLOCATION values(8, 'Yun-Sukyuong', 'Gangwon-do');
Insert into PRODUCERLOCATION values(9, 'Lebron-James', 'Chungcheongbuk-do');
Insert into PRODUCERLOCATION values(10, 'Lee-Young', 'Chungcheongnam-do');
Insert into PRODUCERLOCATION values(11, 'Stephen-Curry', 'Jeollabuk-do');
Insert into PRODUCERLOCATION values(12, 'Jang-Hyeonsu', 'Jeollanam-do');
Insert into PRODUCERLOCATION values(13, 'Son-Heungmin', 'Gyeonsangbuk-do');
Insert into PRODUCERLOCATION values(14, 'Too-Byungjae', 'Gyeonsangnam-do');
Insert into PRODUCERLOCATION values(15, 'Park-Byungho', 'Jeju-do');
Insert into PRODUCERLOCATION values(16, 'Carmelo-Anthony', 'Seoul');
Insert into PRODUCERLOCATION values(17, 'Chris-Paul', 'Deagu');
Insert into PRODUCERLOCATION values(18, 'Kim-Sijin', 'Incheon');
Insert into PRODUCERLOCATION values(19, 'Gang-Jungho', 'Busan');
Insert into PRODUCERLOCATION values(20, 'Bul-Gogi', 'Ulsan');
Insert into PRODUCERLOCATION values(21, 'Yang-Donggeun', 'Gwangju');
Insert into PRODUCERLOCATION values(22, 'Yang-Hyunjong', 'Daejeon');
Insert into PRODUCERLOCATION values(23, 'Ahn-Chihong', 'Gyeonggi-do');
Insert into PRODUCERLOCATION values(24, 'Lee-Seungyeop', 'Gangwon-do');
Insert into PRODUCERLOCATION values(25, 'Lim-Changyoug', 'Chungcheongbuk-do');
Insert into PRODUCERLOCATION values(26, 'Kim-Minsoo', 'Chungcheongnam-do');
Insert into PRODUCERLOCATION values(27, 'Kang-Chulmin', 'Jeollabuk-do');
Insert into PRODUCERLOCATION values(28, 'Michael-Jordan', 'Jeollanam-do');
Insert into PRODUCERLOCATION values(29, 'Hwang-Heechan', 'Gyeonsangbuk-do');
Insert into PRODUCERLOCATION values(30, 'Ryu-Hyunjin', 'Gyeonsangnam-do');
Insert into PRODUCERLOCATION values(31, 'Clayton-Kershaw', 'Jeju-do');



INSERT INTO ITEM VALUES ( 110001, 'orange drink', NULL, NULL, NULL, 7700, 7);
INSERT INTO ITEM VALUES ( 110002, 'apple drink', NULL, NULL, NULL, 7700, 7);
INSERT INTO ITEM VALUES ( 110003, 'grape drink', NULL, NULL, NULL, 7700, 7);
INSERT INTO ITEM VALUES ( 110004, 'mango drink', NULL, NULL, NULL, 7700, 7);
INSERT INTO ITEM VALUES ( 110005, 'pineapple drink', NULL, NULL, NULL, 7700, 7);
INSERT INTO ITEM VALUES ( 121001, 'cocacola', NULL, NULL, NULL, 2180, 30);
INSERT INTO ITEM VALUES ( 121002, 'sprite', NULL, NULL, NULL, 2380, 30);
INSERT INTO ITEM VALUES ( 122003, 'toreta', NULL, NULL, NULL, 1480, 29);
INSERT INTO ITEM VALUES ( 122004, 'pocarisweat', NULL, NULL, NULL, 1980, 9);
INSERT INTO ITEM VALUES ( 121005, 'welchs-grape', NULL, NULL, NULL, 1980, 26);
INSERT INTO ITEM VALUES ( 130001, 'kantata', NULL, NULL, NULL, 980, 22);
INSERT INTO ITEM VALUES ( 130002, 't.o.p', NULL, NULL, NULL, 1580, 25);
INSERT INTO ITEM VALUES ( 130003, 'starbucks', NULL, NULL, NULL, 2180, 25);
INSERT INTO ITEM VALUES ( 130004, 'let’s_be', NULL, NULL, NULL, 700, 25);
INSERT INTO ITEM VALUES ( 130005, 'georgia', NULL, NULL, NULL, 2180, 30);

INSERT INTO ITEM VALUES ( 210001, 'potato_stick', NULL, NULL, NULL, 1400, 7);
INSERT INTO ITEM VALUES ( 210002, 'homerun_ball', NULL, NULL, NULL, 4980, 7);
INSERT INTO ITEM VALUES ( 210003, 'onion_ring', NULL, NULL, NULL, 1400, 7);
INSERT INTO ITEM VALUES ( 210004, 'cheetos', NULL, NULL, NULL, 1580, 7);
INSERT INTO ITEM VALUES ( 210005, 'biscoff', NULL, NULL, 'Lotus', 1500, 1);
INSERT INTO ITEM VALUES ( 220001, 'choco_pie', NULL, NULL, NULL, 3840, 25);
INSERT INTO ITEM VALUES ( 220002, 'big_pie', NULL, NULL, NULL, 3840, 23);
INSERT INTO ITEM VALUES ( 220003, 'custard', NULL, NULL, NULL, 6980, 25);
INSERT INTO ITEM VALUES ( 220004, 'oh-yes', NULL, NULL, NULL, 3580, 25);
INSERT INTO ITEM VALUES ( 220005, 'montchelle', NULL, NULL, NULL, 1500, 23);
INSERT INTO ITEM VALUES ( 230001, 'ace', NULL, NULL, NULL, 4320, 13);
INSERT INTO ITEM VALUES ( 230002, 'binch', NULL, NULL, NULL, 3780, 14);
INSERT INTO ITEM VALUES ( 230003, 'chic_choc', NULL, NULL, NULL, 3840, 14);
INSERT INTO ITEM VALUES ( 230004, 'choco_thinthin', NULL, NULL, NULL, 3980, 13);
INSERT INTO ITEM VALUES ( 230005, 'butter_ring', NULL, NULL, NULL, 4180, 13);



INSERT INTO MAJOR_CATEGORY VALUES ('Beverage', 1);
INSERT INTO MAJOR_CATEGORY VALUES ('Snack', 2);


INSERT INTO MINOR_CATEGORY VALUES ('Fruit Juice', 11, 1);
INSERT INTO MINOR_CATEGORY VALUES ('Coke/Soda', 12, 1);
INSERT INTO MINOR_CATEGORY VALUES ('Sport-drink', 13, 1);
INSERT INTO MINOR_CATEGORY VALUES ('Coffee', 14, 1);

INSERT INTO MINOR_CATEGORY VALUES ('Chip', 21, 2);
INSERT INTO MINOR_CATEGORY VALUES ('Pie/Cake', 22, 2);
INSERT INTO MINOR_CATEGORY VALUES ('Cookie', 23, 2);






INSERT INTO CATEGORY VALUES (110001, 11, 1);
INSERT INTO CATEGORY VALUES (110002, 11, 1);
INSERT INTO CATEGORY VALUES (110003, 11, 1);
INSERT INTO CATEGORY VALUES (110004, 11, 1);
INSERT INTO CATEGORY VALUES (110005, 11, 1);
INSERT INTO CATEGORY VALUES (121001, 12, 1);
INSERT INTO CATEGORY VALUES (121002, 12, 1);
INSERT INTO CATEGORY VALUES (122003, 13, 1);
INSERT INTO CATEGORY VALUES (122004, 13, 1);
INSERT INTO CATEGORY VALUES (121005, 12, 1);
INSERT INTO CATEGORY VALUES (130001, 14, 1);
INSERT INTO CATEGORY VALUES (130002, 14, 1);
INSERT INTO CATEGORY VALUES (130003, 14, 1);
INSERT INTO CATEGORY VALUES (130004, 14, 1);
INSERT INTO CATEGORY VALUES (130005, 14, 1);

INSERT INTO CATEGORY VALUES (210001, 21, 2);
INSERT INTO CATEGORY VALUES (210002, 21, 2);
INSERT INTO CATEGORY VALUES (210003, 21, 2);
INSERT INTO CATEGORY VALUES (210004, 21, 2);
INSERT INTO CATEGORY VALUES (210005, 21, 2);
INSERT INTO CATEGORY VALUES (220001, 22, 2);
INSERT INTO CATEGORY VALUES (220002, 22, 2);
INSERT INTO CATEGORY VALUES (220003, 22, 2);
INSERT INTO CATEGORY VALUES (220004, 22, 2);
INSERT INTO CATEGORY VALUES (220005, 22, 2);
INSERT INTO CATEGORY VALUES (230001, 23, 2);
INSERT INTO CATEGORY VALUES (230002, 23, 2);
INSERT INTO CATEGORY VALUES (230003, 23, 2);
INSERT INTO CATEGORY VALUES (230004, 23, 2);
INSERT INTO CATEGORY VALUES (230005, 23, 2);







INSERT INTO CUSTOMER VALUES ('do1234', 'sedo1234', 'Seoul', '010-1234-1234', 'DOYUNE', 'KIM', 'M', '1998-11-30', 'Student');
INSERT INTO CUSTOMER VALUES ('hj5678', 'seha5678', 'Seoul', '010-1524-5678', 'HAJUNE', 'GO', 'M', '1994-03-30', 'Student');
INSERT INTO CUSTOMER VALUES ('ha2075', 'seha0275', 'Seoul', '010-1845-0275', 'HAYUNE', 'PARK', 'W', '1995-02-17', 'Student');
INSERT INTO CUSTOMER VALUES ('se1594', 'buse1594', 'Busan', '010-1891-1594', 'SEOYUNE', 'SHIN', 'W', '1989-05-07', 'Teacher');
INSERT INTO CUSTOMER VALUES ('se5749', 'buse5749', 'Busan', '010-9374-5749', 'SEYEON', 'KIM', 'W', '1984-07-24', 'Driver');
INSERT INTO CUSTOMER VALUES ('ha1534', 'buha1534', 'Busan', '010-9502-1534', 'HAEUN', 'KANG', 'W', '1971-08-12', 'House');
INSERT INTO CUSTOMER VALUES ('seo9106', 'daeseo9106', 'Daegu', '010-9757-9106', 'SEOJUNE', 'PARK', 'M', '1975-01-31', 'House');
INSERT INTO CUSTOMER VALUES ('siu5732', 'daesiu5732', 'Daegu', '010-2859-5732', 'SIU', 'KIM', 'W', '2002-10-04', 'Student');
INSERT INTO CUSTOMER VALUES ('min1534', 'daemin1534', 'Daegu', '010-2983-1534', 'MINJUNE', 'DO', 'M', '2000-06-07', 'Student');
INSERT INTO CUSTOMER VALUES ('ye7581', 'inye7581', 'Incheon', '010-2365-7581', 'YEJUNE', 'DO', 'W', '1989-07-19', 'Plumber');
INSERT INTO CUSTOMER VALUES ('ji0928', 'inji0928', 'Incheon', '010-2163-0928', 'JIYU', 'KIM', 'W', '1988-05-29', 'Seller');
INSERT INTO CUSTOMER VALUES ('jiu1043', 'injiu1043', 'Incheon', '010-8305-1043', 'JIU', 'SEO', 'M', '1997-04-18', 'Student');
INSERT INTO CUSTOMER VALUES ('ha1483', 'ulha1483', 'Ulsan', '010-8013-1483', 'HARIN', 'IM', 'W', '1998-09-09', 'Student');
INSERT INTO CUSTOMER VALUES ('sua6839', 'ulsua6839', 'Ulsan', '010-8285-6839', 'SUA', 'KIM', 'W', '1992-03-05', 'ClothDesigner');
INSERT INTO CUSTOMER VALUES ('jia6830', 'uljia6830', 'Ulsan', '010-7123-6830', 'JIA', 'YEE', 'W', '1993-12-17', 'Engineer');
INSERT INTO CUSTOMER VALUES ('ju0987', 'gwanju0987', 'Gwangju', '010-7987-0987', 'JUWON', 'KIM', 'M', '1993-06-02', NULL);
INSERT INTO CUSTOMER VALUES ('yuj0948', 'gwanyu0948', 'Gwangju', '010-7876-0948', 'YUJUNE', 'HA', 'M', '1995-05-05', NULL);
INSERT INTO CUSTOMER VALUES ('jiho3521', 'gwanji3521', 'Gwangju', '010-7765-3521', 'JIHO', 'KANG', 'M', '1994-04-02', NULL);
INSERT INTO CUSTOMER VALUES ('junu4253', 'daeju4253', 'Daejeon', '010-7777-4253', 'JUNU', 'KIM', 'M', '1981-05-06', NULL);
INSERT INTO CUSTOMER VALUES ('sin3925', 'daese3925', 'Daejeon', '010-7668-3925', 'SEOA', 'SIN', 'W', '1986-08-30', NULL);
INSERT INTO CUSTOMER VALUES ('jih9999', 'daeji9999', 'Daejeon', '010-3412-9999', 'JIHUNE', 'KIM', 'M', '1989-09-13', NULL);
INSERT INTO CUSTOMER VALUES ('jin0014', 'gyeonjin0014', 'Gyeonggi-do', '010-3123-0014', 'JINYUNG', 'KIM', 'M', '1984-11-11', NULL);
INSERT INTO CUSTOMER VALUES ('jenny1532', 'gyeonjen1532', 'Gyeonggi-do', '010-3131-1532', 'JENNY', 'KIM', 'W', '1984-12-21', NULL);
INSERT INTO CUSTOMER VALUES ('minju1526', 'gyeongmin1526', 'Gyeonggi-do', '010-3213-1526', 'MINJU', 'PARK', 'W', '1984-10-31', NULL);
INSERT INTO CUSTOMER VALUES ('su6758', 'gangsu6758', 'Gangwon-do', '010-3333-6758', 'SUMIN', 'SEO', 'M', '1976-05-28', NULL);
INSERT INTO CUSTOMER VALUES ('somi5123', 'gangso5123', 'Gangwon-do', '010-3746-5123', 'SOMI', 'HAN', 'W', '1980-04-14', NULL);
INSERT INTO CUSTOMER VALUES ('sua4123', 'gangsu4123', 'Gangwon-do', '010-4462-4123', 'SUA', 'HAN', 'W', '1979-08-26', NULL);
INSERT INTO CUSTOMER VALUES ('susu1152', 'chunghye1152', 'Chungcheongbuk-do', '010-1111-1152', 'HYEONSU', 'HAN', 'M', '1979-05-17', NULL);
INSERT INTO CUSTOMER VALUES ('jiy4235', 'chungji4235', 'Chungcheongbuk-do', '010-1131-4235', 'JIYUNG', 'KANG', 'W', '1977-04-23', NULL);
INSERT INTO CUSTOMER VALUES ('dodo9385', 'chungdo9385', 'Chungcheongbuk-do', '010-0000-9385', 'DOHYEON', 'KIM', 'M', '1982-01-21', NULL);
INSERT INTO CUSTOMER VALUES ('sub2361', 'chungsu2361', 'Chungcheongnam-do', '010-6123-2361', 'SUBIN', 'BAE', 'W', '1982-06-24', NULL);
INSERT INTO CUSTOMER VALUES ('jimi6940', 'chungji6940', 'Chungcheongnam-do', '010-6695-6940', 'JIMIN', 'PARK', 'W', '1982-05-23', NULL);
INSERT INTO CUSTOMER VALUES ('dong1235', 'chungdong1235', 'Chungcheongnam-do', '010-6696-1235', 'DONGHYEON', 'KIM', 'M', '1983-07-08', NULL);
INSERT INTO CUSTOMER VALUES ('tae0000', 'jeoltae0000', 'Jeollabuk-do', '010-6909-0000', 'TAEYEONG', 'HAN', 'M', '1990-10-10', NULL);
INSERT INTO CUSTOMER VALUES ('dae8768', 'jeoldae8768', 'Jeollabuk-do', '010-6876-8768', 'DAEGYU', 'DO', 'M', '1991-04-19', NULL);
INSERT INTO CUSTOMER VALUES ('gye0001', 'jeolgye0001', 'Jeollabuk-do', '010-1000-0001', 'GYEONO', 'GO', 'M', '1994-03-13', NULL);
INSERT INTO CUSTOMER VALUES ('so5555', 'jeolso5555', 'Jeollanam-do', '010-9293-5555', 'SOYOUNG', 'GO', 'W', '2001-09-13', NULL);
INSERT INTO CUSTOMER VALUES ('jiw9595', 'jeolji9595', 'Jeollanam-do', '010-5559-9595', 'JIWON', 'KIM', 'W', '2000-05-03', NULL);
INSERT INTO CUSTOMER VALUES ('suz1111', 'jeolsu1111', 'Jeollanam-do', '010-6758-1111', 'SUZI', 'BAE', 'W', '1999-05-18', NULL);
INSERT INTO CUSTOMER VALUES ('jue7788', 'gyeongju7788', 'Gyeonsangbuk-do', '010-7432-7788', 'JUEUN', 'BAE', 'W', '1999-03-06', NULL);
INSERT INTO CUSTOMER VALUES ('hoho9090', 'gyeonhye9090', 'Gyeonsangbuk-do', '010-0909-9090', 'HYEONHO', 'BAE', 'M', '1996-04-13', NULL);
INSERT INTO CUSTOMER VALUES ('minh6663', 'gyeonmin6663', 'Gyeonsangbuk-do', '010-3666-6663', 'MINHO', 'YEE', 'M', '1983-07-13', NULL);
INSERT INTO CUSTOMER VALUES ('min5575', 'gyeongmin5575', 'Gyeonsangnam-do', '010-7767-5575', 'MINHEE', 'KIM', 'W', '1986-08-12', NULL);
INSERT INTO CUSTOMER VALUES ('jig0151', 'gyeongji0151', 'Gyeonsangnam-do', '010-1299-0151', 'JIGWANG', 'YU', 'M', '1994-10-20', NULL);
INSERT INTO CUSTOMER VALUES ('juh9922', 'gyeongju9922', 'Gyeonsangnam-do', '010-2299-9922', 'JUHO', 'YEE', 'M', '1982-01-28', NULL);
INSERT INTO CUSTOMER VALUES ('eari3812', 'jeeari3812', 'Jeju-do', '010-6633-3812', 'EARI', 'IM', NULL, NULL, NULL);
INSERT INTO CUSTOMER VALUES ('doh1000', 'jedo1000', 'Jeju-do', '010-7671-1000', 'DOHEE', 'HAN', NULL, NULL, NULL);
INSERT INTO CUSTOMER VALUES ('june5553', 'jeju5553', 'Jeju-do', '010-0666-5553', 'JUNEHEE', 'HAN', NULL, NULL, NULL);
INSERT INTO CUSTOMER VALUES ('tae1236', 'setae1236', 'Seoul', '010-0035-1236', 'TEAYANG', 'HAN', NULL, NULL, NULL);
INSERT INTO CUSTOMER VALUES ('dae0110', 'sedae0110', 'Seoul', '010-1441-0110', 'DAESUNG', 'KANG', NULL, NULL, NULL);
INSERT INTO CUSTOMER VALUES ('dae6666', 'sedae6666', 'Seoul', '010-1701-6666', 'DAEHO', 'YEE', NULL, NULL, NULL);
INSERT INTO CUSTOMER VALUES ('hoy9911', 'seho9911', 'Seoul', '010-1601-9911', 'HOYEON', 'PARK', NULL, NULL, NULL);
INSERT INTO CUSTOMER VALUES ('sung2288', 'sesun2288', 'Seoul', '010-1091-2288', 'SUNGJAE', 'KANG', NULL, NULL, NULL);
INSERT INTO CUSTOMER VALUES ('sung8833', 'sesun8833', 'Seoul', '010-1201-8833', 'SUNGJU', 'MIN', NULL, NULL, NULL);
INSERT INTO CUSTOMER VALUES ('suk4477', 'sesuk4477', 'Seoul', '010-1031-4477', 'SUKJAE', 'KANG', NULL, NULL, NULL);




INSERT INTO ORDERED VALUES (1511, 'do1234', 1, '2016-11-05');
INSERT INTO ORDERED_PRODUCT VALUES (1511, 130001, 7);

INSERT INTO ORDERED VALUES (1512, 'jiu1043', 3, '2016-11-12');
INSERT INTO ORDERED_PRODUCT VALUES (1512, 110001, 3);

INSERT INTO ORDERED VALUES (1513, 'sin3925', 7, '2016-11-13');
INSERT INTO ORDERED_PRODUCT VALUES (1513, 110002, 3);

INSERT INTO ORDERED VALUES (1514, 'susu1152', 10, '2016-11-13');
INSERT INTO ORDERED_PRODUCT VALUES (1514, 110003, 2);

INSERT INTO ORDERED VALUES (1515, 'dae8768', 12, '2016-11-15');
INSERT INTO ORDERED_PRODUCT VALUES (1515, 110004, 1);

INSERT INTO ORDERED VALUES (1516, 'minh6663', 14, '2016-11-16');
INSERT INTO ORDERED_PRODUCT VALUES (1516, 110005, 5);

INSERT INTO ORDERED VALUES (1517, 'do1234', 1, '2016-11-30');
INSERT INTO ORDERED_PRODUCT VALUES (1517, 121001, 23);

INSERT INTO ORDERED VALUES (1518, 'jiu1043', 3, '2016-12-13');
INSERT INTO ORDERED_PRODUCT VALUES (1518, 121002, 3);
INSERT INTO ORDERED_PRODUCT VALUES (1518, 122003, 1);

INSERT INTO ORDERED VALUES (1519, 'jih9999', 7, '2016-12-14');
INSERT INTO ORDERED_PRODUCT VALUES (1519, 122004, 1);

INSERT INTO ORDERED VALUES (1520, 'susu1152', 10, '2016-12-15');
INSERT INTO ORDERED_PRODUCT VALUES (1520, 121005, 1);

INSERT INTO ORDERED VALUES (1521, 'dae8768', 12, '2016-12-16');
INSERT INTO ORDERED_PRODUCT VALUES (1521, 130001, 13);

INSERT INTO ORDERED VALUES (1522, 'minh6663', 14, '2016-12-17');
INSERT INTO ORDERED_PRODUCT VALUES (1522, 130002, 1);

INSERT INTO ORDERED VALUES (1523, 'do1234', 1, '2016-12-21');
INSERT INTO ORDERED_PRODUCT VALUES (1523, 130003, 5);
INSERT INTO ORDERED_PRODUCT VALUES (1523, 130004, 6);

INSERT INTO ORDERED VALUES (1524, 'do1234', 1, '2016-12-25');
INSERT INTO ORDERED_PRODUCT VALUES (1524, 130004, 10);

INSERT INTO ORDERED VALUES (1525, 'do1234', 1, '2016-12-31');
INSERT INTO ORDERED_PRODUCT VALUES (1525, 210004, 23);

INSERT INTO ORDERED VALUES (1526, 'ha1534', 4, '2017-01-02');
INSERT INTO ORDERED_PRODUCT VALUES (1526, 110004, 23);

INSERT INTO ORDERED VALUES (1527, 'jiu1043', 3, '2017-01-02');
INSERT INTO ORDERED_PRODUCT VALUES (1527, 130005, 20);
INSERT INTO ORDERED_PRODUCT VALUES (1527, 210001, 5);

INSERT INTO ORDERED VALUES (1528, 'jih9999', 7, '2017-01-03');
INSERT INTO ORDERED_PRODUCT VALUES (1528, 210002, 1);

INSERT INTO ORDERED VALUES (1529, 'ha2075', 1, '2017-01-04');
INSERT INTO ORDERED_PRODUCT VALUES (1529, 210002, 12);

INSERT INTO ORDERED VALUES (1530, 'jiy4235', 10, '2017-01-04');
INSERT INTO ORDERED_PRODUCT VALUES (1530, 130002, 5);

INSERT INTO ORDERED VALUES (1531, 'dae8768', 12, '2017-01-05');
INSERT INTO ORDERED_PRODUCT VALUES (1531, 130002, 6);

INSERT INTO ORDERED VALUES (1532, 'minh6663', 14, '2017-01-06');
INSERT INTO ORDERED_PRODUCT VALUES (1532, 110002, 5);
INSERT INTO ORDERED_PRODUCT VALUES (1532, 210002, 4);

INSERT INTO ORDERED VALUES (1533, 'ha2075', 1, '2017-01-23');
INSERT INTO ORDERED_PRODUCT VALUES (1533, 210003, 7);

INSERT INTO ORDERED VALUES (1534, 'seo9106', 2, '2017-02-02');
INSERT INTO ORDERED_PRODUCT VALUES (1534, 210004, 2);

INSERT INTO ORDERED VALUES (1535, 'jiu1043', 3, '2017-02-03');
INSERT INTO ORDERED_PRODUCT VALUES (1535, 210005, 1);

INSERT INTO ORDERED VALUES (1536, 'jih9999', 7, '2017-02-04');
INSERT INTO ORDERED_PRODUCT VALUES (1536, 210001, 5);

INSERT INTO ORDERED VALUES (1537, 'dodo9385', 10, '2017-02-05');
INSERT INTO ORDERED_PRODUCT VALUES (1537, 130002, 1);

INSERT INTO ORDERED VALUES (1538, 'dae8768', 12, '2017-02-06');
INSERT INTO ORDERED_PRODUCT VALUES (1538, 130005, 40);

INSERT INTO ORDERED VALUES (1539, 'minh6663', 14, '2017-02-07');
INSERT INTO ORDERED_PRODUCT VALUES (1539, 121002, 8);

INSERT INTO ORDERED VALUES (1540, 'ha1534', 4, '2017-02-17');
INSERT INTO ORDERED_PRODUCT VALUES (1540, 122004, 3);

INSERT INTO ORDERED VALUES (1541, 'seo9106', 2, '2017-03-03');
INSERT INTO ORDERED_PRODUCT VALUES (1541, 130003, 1);
INSERT INTO ORDERED_PRODUCT VALUES (1541, 130004, 2);
INSERT INTO ORDERED_PRODUCT VALUES (1541, 130005, 3);

INSERT INTO ORDERED VALUES (1542, 'ha1483', 5, '2017-03-04');
INSERT INTO ORDERED_PRODUCT VALUES (1542, 210005, 1);

INSERT INTO ORDERED VALUES (1543, 'ha2075', 1, '2017-03-05');
INSERT INTO ORDERED_PRODUCT VALUES (1543, 230004, 2);

INSERT INTO ORDERED VALUES (1544, 'jin0014', 8, '2017-03-05');
INSERT INTO ORDERED_PRODUCT VALUES (1544, 230002, 5);

INSERT INTO ORDERED VALUES (1545, 'sub2361', 11, '2017-03-06');
INSERT INTO ORDERED_PRODUCT VALUES (1545, 130005, 4);

INSERT INTO ORDERED VALUES (1546, 'gye0001', 12, '2017-03-07');
INSERT INTO ORDERED_PRODUCT VALUES (1546, 230001, 30);

INSERT INTO ORDERED VALUES (1547, 'minh6663', 14, '2017-03-08');
INSERT INTO ORDERED_PRODUCT VALUES (1547, 230005, 83);

INSERT INTO ORDERED VALUES (1548, 'seo9106', 2, '2017-04-04');
INSERT INTO ORDERED_PRODUCT VALUES (1548, 210003, 14);

INSERT INTO ORDERED VALUES (1549, 'ha1483', 5, '2017-04-05');
INSERT INTO ORDERED_PRODUCT VALUES (1549, 230001, 32);

INSERT INTO ORDERED VALUES (1550, 'jenny1532', 8, '2017-04-06');
INSERT INTO ORDERED_PRODUCT VALUES (1550, 210001, 30);
INSERT INTO ORDERED_PRODUCT VALUES (1550, 230001, 30);

INSERT INTO ORDERED VALUES (1551, 'sub2361', 11, '2017-04-07');
INSERT INTO ORDERED_PRODUCT VALUES (1551, 220004, 3);

INSERT INTO ORDERED VALUES (1552, 'gye0001', 12, '2017-04-08');
INSERT INTO ORDERED_PRODUCT VALUES (1552, 110004, 23);

INSERT INTO ORDERED VALUES (1553, 'min5575', 15, '2017-04-09');
INSERT INTO ORDERED_PRODUCT VALUES (1553, 220005, 20);

INSERT INTO ORDERED VALUES (1554, 'se1594', 4, '2017-05-04');
INSERT INTO ORDERED_PRODUCT VALUES (1554, 210003, 12);

INSERT INTO ORDERED VALUES (1555, 'seo9106', 2, '2017-05-05');
INSERT INTO ORDERED_PRODUCT VALUES (1555, 220005, 19);

INSERT INTO ORDERED VALUES (1556, 'ha1483', 5, '2017-05-06');
INSERT INTO ORDERED_PRODUCT VALUES (1556, 122003, 63);

INSERT INTO ORDERED VALUES (1557, 'yuj0948', 6, '2017-05-06');
INSERT INTO ORDERED_PRODUCT VALUES (1557, 122003, 39);

INSERT INTO ORDERED VALUES (1558, 'se1594', 4, '2017-05-07');
INSERT INTO ORDERED_PRODUCT VALUES (1558, 121002, 7);

INSERT INTO ORDERED VALUES (1559, 'minju1526', 8, '2017-05-07');
INSERT INTO ORDERED_PRODUCT VALUES (1559, 220004, 15);
INSERT INTO ORDERED_PRODUCT VALUES (1559, 230001, 15);

INSERT INTO ORDERED VALUES (1560, 'sub2361', 11, '2017-05-08');
INSERT INTO ORDERED_PRODUCT VALUES (1560, 130002, 2);

INSERT INTO ORDERED VALUES (1561, 'gye0001', 12, '2017-05-09');
INSERT INTO ORDERED_PRODUCT VALUES (1561, 130001, 1);

INSERT INTO ORDERED VALUES (1562, 'min5575', 15, '2017-05-10');
INSERT INTO ORDERED_PRODUCT VALUES (1562, 122003, 2);

INSERT INTO ORDERED VALUES (1563, 'seo9106', 2, '2017-06-06');
INSERT INTO ORDERED_PRODUCT VALUES (1563, 110001, 1);
INSERT INTO ORDERED_PRODUCT VALUES (1563, 122003, 1);
INSERT INTO ORDERED_PRODUCT VALUES (1563, 220003, 1);
INSERT INTO ORDERED_PRODUCT VALUES (1563, 230002, 1);

INSERT INTO ORDERED VALUES (1564, 'sua6839', 5, '2017-06-07');
INSERT INTO ORDERED_PRODUCT VALUES (1564, 210005, 3);

INSERT INTO ORDERED VALUES (1565, 'minju1526', 8, '2017-06-08');
INSERT INTO ORDERED_PRODUCT VALUES (1565, 230001, 20);

INSERT INTO ORDERED VALUES (1566, 'sub2361', 11, '2017-06-09');
INSERT INTO ORDERED_PRODUCT VALUES (1566, 220005, 5);

INSERT INTO ORDERED VALUES (1567, 'gye0001', 12, '2017-06-10');
INSERT INTO ORDERED_PRODUCT VALUES (1567, 110003, 2);

INSERT INTO ORDERED VALUES (1568, 'min5575', 15, '2017-06-11');
INSERT INTO ORDERED_PRODUCT VALUES (1568, 130005, 2);

INSERT INTO ORDERED VALUES (1569, 'seo9106', 2, '2017-07-07');
INSERT INTO ORDERED_PRODUCT VALUES (1569, 110001, 30);

INSERT INTO ORDERED VALUES (1570, 'sua6839', 5, '2017-07-08');
INSERT INTO ORDERED_PRODUCT VALUES (1570, 110002, 3);

INSERT INTO ORDERED VALUES (1571, 'minju1526', 8, '2017-07-09');
INSERT INTO ORDERED_PRODUCT VALUES (1571, 122004, 30);

INSERT INTO ORDERED VALUES (1572, 'sub2361', 11, '2017-07-10');
INSERT INTO ORDERED_PRODUCT VALUES (1572, 122003, 1);

INSERT INTO ORDERED VALUES (1573, 'so5555', 13, '2017-07-11');
INSERT INTO ORDERED_PRODUCT VALUES (1573, 130002, 10);

INSERT INTO ORDERED VALUES (1574, 'min5575', 15, '2017-07-12');
INSERT INTO ORDERED_PRODUCT VALUES (1574, 230001, 52);

INSERT INTO ORDERED VALUES (1575, 'ha2075', 1, '2017-07-17');
INSERT INTO ORDERED_PRODUCT VALUES (1575, 230001, 30);

INSERT INTO ORDERED VALUES (1576, 'ha1534', 4, '2017-08-07');
INSERT INTO ORDERED_PRODUCT VALUES (1576, 230003, 1);

INSERT INTO ORDERED VALUES (1577, 'seo9106', 2, '2017-08-08');
INSERT INTO ORDERED_PRODUCT VALUES (1577, 220001, 5);

INSERT INTO ORDERED VALUES (1578, 'sua6839', 5, '2017-08-09');
INSERT INTO ORDERED_PRODUCT VALUES (1578, 110001, 3);

INSERT INTO ORDERED VALUES (1579, 'su6758', 9, '2017-08-10');
INSERT INTO ORDERED_PRODUCT VALUES (1579, 121001, 6);

INSERT INTO ORDERED VALUES (1580, 'jimi6940', 11, '2017-08-11');
INSERT INTO ORDERED_PRODUCT VALUES (1580, 210004, 10);
INSERT INTO ORDERED_PRODUCT VALUES (1580, 230001, 5);

INSERT INTO ORDERED VALUES (1581, 'jiw9595', 13, '2017-08-12');
INSERT INTO ORDERED_PRODUCT VALUES (1581, 230005, 14);

INSERT INTO ORDERED VALUES (1582, 'min5575', 15, '2017-08-13');
INSERT INTO ORDERED_PRODUCT VALUES (1582, 130004, 4);

INSERT INTO ORDERED VALUES (1583, 'seo9106', 2, '2017-09-09');
INSERT INTO ORDERED_PRODUCT VALUES (1583, 210002, 6);

INSERT INTO ORDERED VALUES (1584, 'sua6839', 5, '2017-09-10');
INSERT INTO ORDERED_PRODUCT VALUES (1584, 130001, 8);

INSERT INTO ORDERED VALUES (1585, 'somi5123', 9, '2017-09-11');
INSERT INTO ORDERED_PRODUCT VALUES (1585, 230002, 14);

INSERT INTO ORDERED VALUES (1586, 'jimi6940', 11, '2017-09-12');
INSERT INTO ORDERED_PRODUCT VALUES (1586, 122004, 25);

INSERT INTO ORDERED VALUES (1587, 'jiw9595', 13, '2017-09-13');
INSERT INTO ORDERED_PRODUCT VALUES (1587, 121005, 34);

INSERT INTO ORDERED VALUES (1588, 'min5575', 15, '2017-09-14');
INSERT INTO ORDERED_PRODUCT VALUES (1588, 130002, 65);

INSERT INTO ORDERED VALUES (1589, 'siu5732', 2, '2017-10-10');
INSERT INTO ORDERED_PRODUCT VALUES (1589, 210003, 23);

INSERT INTO ORDERED VALUES (1590, 'sua6839', 5, '2017-10-11');
INSERT INTO ORDERED_PRODUCT VALUES (1590, 110004, 5);
INSERT INTO ORDERED_PRODUCT VALUES (1590, 130002, 3);

INSERT INTO ORDERED VALUES (1591, 'sua4123', 9, '2017-10-12');
INSERT INTO ORDERED_PRODUCT VALUES (1591, 110002, 3);
INSERT INTO ORDERED_PRODUCT VALUES (1591, 110003, 2);
INSERT INTO ORDERED_PRODUCT VALUES (1591, 110004, 1);

INSERT INTO ORDERED VALUES (1592, 'jimi6940', 11, '2017-10-13');
INSERT INTO ORDERED_PRODUCT VALUES (1592, 220003, 25);

INSERT INTO ORDERED VALUES (1593, 'jiw9595', 13, '2017-10-14');
INSERT INTO ORDERED_PRODUCT VALUES (1593, 210004, 2);

INSERT INTO ORDERED VALUES (1594, 'min5575', 15, '2017-10-15');
INSERT INTO ORDERED_PRODUCT VALUES (1594, 130001, 6);

INSERT INTO ORDERED VALUES (1595, 'ha1534', 4, '2017-10-22');
INSERT INTO ORDERED_PRODUCT VALUES (1595, 130002, 1);

INSERT INTO ORDERED VALUES (1596, 'do1234', 1, '2017-11-05');
INSERT INTO ORDERED_PRODUCT VALUES (1596, 122004, 2);

INSERT INTO ORDERED VALUES (1597, 'do1234', 1, '2017-11-08');
INSERT INTO ORDERED_PRODUCT VALUES (1597, 130003, 6);

INSERT INTO ORDERED VALUES (1598, 'siu5732', 2, '2017-11-11');
INSERT INTO ORDERED_PRODUCT VALUES (1598, 130004, 4);

INSERT INTO ORDERED VALUES (1599, 'sua6839', 5, '2017-11-12');
INSERT INTO ORDERED_PRODUCT VALUES (1599, 230002, 22);

INSERT INTO ORDERED VALUES (1600, 'sua4123', 9, '2017-11-13');
INSERT INTO ORDERED_PRODUCT VALUES (1600, 130005, 5);

INSERT INTO ORDERED VALUES (1601, 'jimi6940', 11, '2017-11-14');
INSERT INTO ORDERED_PRODUCT VALUES (1601, 210005, 5);

INSERT INTO ORDERED VALUES (1602, 'jiw9595', 13, '2017-11-15');
INSERT INTO ORDERED_PRODUCT VALUES (1602, 210004, 5);
INSERT INTO ORDERED_PRODUCT VALUES (1602, 230001, 5);

INSERT INTO ORDERED VALUES (1603, 'jig0151', 15, '2017-11-16');
INSERT INTO ORDERED_PRODUCT VALUES (1603, 210003, 4);

INSERT INTO ORDERED VALUES (1604, 'do1234', 1, '2017-12-05');
INSERT INTO ORDERED_PRODUCT VALUES (1604, 210002, 3);

INSERT INTO ORDERED VALUES (1605, 'siu5732', 2, '2017-12-12');
INSERT INTO ORDERED_PRODUCT VALUES (1605, 122004, 3);

INSERT INTO ORDERED VALUES (1606, 'sua6839', 5, '2017-12-13');
INSERT INTO ORDERED_PRODUCT VALUES (1606, 210001, 1);

INSERT INTO ORDERED VALUES (1607, 'sua4123', 9, '2017-12-14');
INSERT INTO ORDERED_PRODUCT VALUES (1607, 121005, 1);

INSERT INTO ORDERED VALUES (1608, 'jimi6940', 11, '2017-12-15');
INSERT INTO ORDERED_PRODUCT VALUES (1608, 121001, 1);

INSERT INTO ORDERED VALUES (1609, 'ha2075', 1, '2017-12-15');
INSERT INTO ORDERED_PRODUCT VALUES (1609, 121002, 2);
INSERT INTO ORDERED_PRODUCT VALUES (1609, 122003, 2);

INSERT INTO ORDERED VALUES (1610, 'jiw9595', 13, '2017-12-16');
INSERT INTO ORDERED_PRODUCT VALUES (1610, 122004, 3);

INSERT INTO ORDERED VALUES (1611, 'juh9922', 15, '2017-12-17');
INSERT INTO ORDERED_PRODUCT VALUES (1611, 210001, 15);

INSERT INTO ORDERED VALUES (1612, 'siu5732', 2, '2018-01-01');
INSERT INTO ORDERED_PRODUCT VALUES (1612, 210002, 23);

INSERT INTO ORDERED VALUES (1613, 'jia6830', 5, '2018-01-02');
INSERT INTO ORDERED_PRODUCT VALUES (1613, 130005, 5);

INSERT INTO ORDERED VALUES (1614, 'sua4123', 9, '2018-01-03');
INSERT INTO ORDERED_PRODUCT VALUES (1614, 220005, 1);

INSERT INTO ORDERED VALUES (1615, 'jimi6940', 11, '2018-01-04');
INSERT INTO ORDERED_PRODUCT VALUES (1615, 121001, 2);

INSERT INTO ORDERED VALUES (1616, 'jiw9595', 13, '2018-01-05');
INSERT INTO ORDERED_PRODUCT VALUES (1616, 121005, 4);

INSERT INTO ORDERED VALUES (1617, 'dae6666', 16, '2018-01-06');
INSERT INTO ORDERED_PRODUCT VALUES (1617, 130005, 7);
INSERT INTO ORDERED_PRODUCT VALUES (1617, 210003, 6);

INSERT INTO ORDERED VALUES (1618, 'siu5732', 2, '2018-02-02');
INSERT INTO ORDERED_PRODUCT VALUES (1618, 122003, 1);

INSERT INTO ORDERED VALUES (1619, 'jia6830', 5, '2018-02-03');
INSERT INTO ORDERED_PRODUCT VALUES (1619, 110003, 1);
INSERT INTO ORDERED_PRODUCT VALUES (1619, 230005, 1);

INSERT INTO ORDERED VALUES (1620, 'sua4123', 9, '2018-02-04');
INSERT INTO ORDERED_PRODUCT VALUES (1620, 130005, 20);

INSERT INTO ORDERED VALUES (1621, 'jimi6940', 11, '2018-02-05');
INSERT INTO ORDERED_PRODUCT VALUES (1621, 110005, 1);

INSERT INTO ORDERED VALUES (1622, 'jiw9595', 13, '2018-02-06');
INSERT INTO ORDERED_PRODUCT VALUES (1622, 121001, 5);

INSERT INTO ORDERED VALUES (1623, 'hoy9911', 16, '2018-02-07');
INSERT INTO ORDERED_PRODUCT VALUES (1623, 220004, 8);

INSERT INTO ORDERED VALUES (1624, 'siu5732', 2, '2018-03-03');
INSERT INTO ORDERED_PRODUCT VALUES (1624, 121005, 1);

INSERT INTO ORDERED VALUES (1625, 'jia6830', 5, '2018-03-04');
INSERT INTO ORDERED_PRODUCT VALUES (1625, 110001, 5);

INSERT INTO ORDERED VALUES (1626, 'sua4123', 9, '2018-03-05');
INSERT INTO ORDERED_PRODUCT VALUES (1626, 110002, 4);

INSERT INTO ORDERED VALUES (1627, 'jimi6940', 11, '2018-03-06');
INSERT INTO ORDERED_PRODUCT VALUES (1627, 110003, 3);

INSERT INTO ORDERED VALUES (1628, 'jiw9595', 13, '2018-03-07');
INSERT INTO ORDERED_PRODUCT VALUES (1628, 130001, 5);
INSERT INTO ORDERED_PRODUCT VALUES (1628, 230004, 5);
INSERT INTO ORDERED_PRODUCT VALUES (1628, 230005, 5);

INSERT INTO ORDERED VALUES (1629, 'sung2288', 16, '2018-03-08');
INSERT INTO ORDERED_PRODUCT VALUES (1629, 110001, 10);
INSERT INTO ORDERED_PRODUCT VALUES (1629, 130001, 10);

INSERT INTO ORDERED VALUES (1630, 'ha2075', 1, '2018-03-23');
INSERT INTO ORDERED_PRODUCT VALUES (1630, 220002, 2);
INSERT INTO ORDERED_PRODUCT VALUES (1630, 220004, 2);

INSERT INTO ORDERED VALUES (1631, 'siu5732', 2, '2018-04-04');
INSERT INTO ORDERED_PRODUCT VALUES (1631, 110004, 2);

INSERT INTO ORDERED VALUES (1632, 'ju0987', 6, '2018-04-05');
INSERT INTO ORDERED_PRODUCT VALUES (1632, 110005, 1);

INSERT INTO ORDERED VALUES (1633, 'sua4123', 9, '2018-04-06');
INSERT INTO ORDERED_PRODUCT VALUES (1633, 121001, 1);

INSERT INTO ORDERED VALUES (1634, 'jimi6940', 11, '2018-04-07');
INSERT INTO ORDERED_PRODUCT VALUES (1634, 121002, 2);

INSERT INTO ORDERED VALUES (1635, 'jiw9595', 13, '2018-04-08');
INSERT INTO ORDERED_PRODUCT VALUES (1635, 122003, 3);
INSERT INTO ORDERED_PRODUCT VALUES (1635, 122004, 4);

INSERT INTO ORDERED VALUES (1636, 'sung8833', 1, '2018-04-09');
INSERT INTO ORDERED_PRODUCT VALUES (1636, 130005, 2);
INSERT INTO ORDERED_PRODUCT VALUES (1636, 210005, 1);
INSERT INTO ORDERED_PRODUCT VALUES (1636, 220001, 2);
INSERT INTO ORDERED_PRODUCT VALUES (1636, 220002, 1);
INSERT INTO ORDERED_PRODUCT VALUES (1636, 220004, 2);

INSERT INTO ORDERED VALUES (1637, 'se1594', 4, '2018-05-03');
INSERT INTO ORDERED_PRODUCT VALUES (1637, 130005, 2);

INSERT INTO ORDERED VALUES (1638, 'min1534', 2, '2018-05-05');
INSERT INTO ORDERED_PRODUCT VALUES (1638, 130004, 4);

INSERT INTO ORDERED VALUES (1639, 'se1594', 4, '2018-05-06');
INSERT INTO ORDERED_PRODUCT VALUES (1639, 130003, 6);

INSERT INTO ORDERED VALUES (1640, 'sua4123', 9, '2018-05-07');
INSERT INTO ORDERED_PRODUCT VALUES (1640, 130002, 8);

INSERT INTO ORDERED VALUES (1641, 'jimi6940', 11, '2018-05-08');
INSERT INTO ORDERED_PRODUCT VALUES (1641, 130001, 10);

INSERT INTO ORDERED VALUES (1642, 'jiw9595', 13, '2018-05-09');
INSERT INTO ORDERED_PRODUCT VALUES (1642, 210001, 1);

INSERT INTO ORDERED VALUES (1643, 'suk4477', 1, '2018-05-10');
INSERT INTO ORDERED_PRODUCT VALUES (1643, 210002, 2);

INSERT INTO ORDERED VALUES (1644, 'ha2075', 1, '2018-06-01');
INSERT INTO ORDERED_PRODUCT VALUES (1644, 210002, 3);

INSERT INTO ORDERED VALUES (1645, 'ji0928', 3, '2018-06-06');
INSERT INTO ORDERED_PRODUCT VALUES (1645, 210003, 4);

INSERT INTO ORDERED VALUES (1646, 'ha2075', 1, '2018-06-07');
INSERT INTO ORDERED_PRODUCT VALUES (1646, 210004, 10);

INSERT INTO ORDERED VALUES (1647, 'ha1534', 4, '2018-06-07');
INSERT INTO ORDERED_PRODUCT VALUES (1647, 210005, 5);

INSERT INTO ORDERED VALUES (1648, 'jiho3521', 6, '2018-06-07');
INSERT INTO ORDERED_PRODUCT VALUES (1648, 130005, 5);

INSERT INTO ORDERED VALUES (1649, 'susu1152', 10, '2018-06-08');
INSERT INTO ORDERED_PRODUCT VALUES (1649, 230005, 5);

INSERT INTO ORDERED VALUES (1650, 'dong1235', 11, '2018-06-09');
INSERT INTO ORDERED_PRODUCT VALUES (1650, 230001, 1);

INSERT INTO ORDERED VALUES (1651, 'suz1111', 13, '2018-06-10');
INSERT INTO ORDERED_PRODUCT VALUES (1651, 220005, 7);

INSERT INTO ORDERED VALUES (1652, 'suk4477', 1, '2018-06-11');
INSERT INTO ORDERED_PRODUCT VALUES (1652, 220004, 2);
INSERT INTO ORDERED_PRODUCT VALUES (1652, 230002, 3);

INSERT INTO ORDERED VALUES (1653, 'jiu1043', 3, '2018-07-07');
INSERT INTO ORDERED_PRODUCT VALUES (1653, 220003, 1);
INSERT INTO ORDERED_PRODUCT VALUES (1653, 230005, 2);

INSERT INTO ORDERED VALUES (1654, 'jiho3521', 6, '2018-07-08');
INSERT INTO ORDERED_PRODUCT VALUES (1654, 230001, 3);

INSERT INTO ORDERED VALUES (1655, 'susu1152', 10, '2018-07-09');
INSERT INTO ORDERED_PRODUCT VALUES (1655, 130002, 2);

INSERT INTO ORDERED VALUES (1656, 'tae0000', 12, '2018-07-10');
INSERT INTO ORDERED_PRODUCT VALUES (1656, 122004, 4);
INSERT INTO ORDERED_PRODUCT VALUES (1656, 121005, 3);

INSERT INTO ORDERED VALUES (1657, 'jue7788', 14, '2018-07-11');
INSERT INTO ORDERED_PRODUCT VALUES (1657, 110005, 1);

INSERT INTO ORDERED VALUES (1658, 'jiu1043', 3, '2018-08-08');
INSERT INTO ORDERED_PRODUCT VALUES (1658, 121005, 2);

INSERT INTO ORDERED VALUES (1659, 'jiho3521', 6, '2018-08-09');
INSERT INTO ORDERED_PRODUCT VALUES (1659, 130003, 5);

INSERT INTO ORDERED VALUES (1660, 'susu1152', 10, '2018-08-10');
INSERT INTO ORDERED_PRODUCT VALUES (1660, 130005, 5);

INSERT INTO ORDERED VALUES (1661, 'dae8768', 12, '2018-08-11');
INSERT INTO ORDERED_PRODUCT VALUES (1661, 130005, 5);

INSERT INTO ORDERED VALUES (1662, 'hoho9090', 14, '2018-08-12');
INSERT INTO ORDERED_PRODUCT VALUES (1662, 130005, 3);

INSERT INTO ORDERED VALUES (1663, 'ha2075', 1, '2018-08-24');
INSERT INTO ORDERED_PRODUCT VALUES (1663, 230005, 5);

INSERT INTO ORDERED VALUES (1664, 'ha1534', 4, '2018-09-09');
INSERT INTO ORDERED_PRODUCT VALUES (1664, 220001, 3);

INSERT INTO ORDERED VALUES (1665, 'jiu1043', 3, '2018-09-09');
INSERT INTO ORDERED_PRODUCT VALUES (1665, 130005, 15);

INSERT INTO ORDERED VALUES (1666, 'junu4253', 7, '2018-09-10');
INSERT INTO ORDERED_PRODUCT VALUES (1666, 210005, 21);

INSERT INTO ORDERED VALUES (1667, 'susu1152', 10, '2018-09-11');
INSERT INTO ORDERED_PRODUCT VALUES (1667, 210001, 1);

INSERT INTO ORDERED VALUES (1668, 'dae8768', 12, '2018-09-12');
INSERT INTO ORDERED_PRODUCT VALUES (1668, 130002, 22);

INSERT INTO ORDERED VALUES (1669, 'minh6663', 14, '2018-09-13');
INSERT INTO ORDERED_PRODUCT VALUES (1669, 121001, 11);

INSERT INTO ORDERED VALUES (1670, 'ha1534', 4, '2018-09-30');
INSERT INTO ORDERED_PRODUCT VALUES (1670, 121002, 12);

INSERT INTO ORDERED VALUES (1671, 'ha2075', 1, '2018-10-05');
INSERT INTO ORDERED_PRODUCT VALUES (1671, 110005, 5);

INSERT INTO ORDERED VALUES (1672, 'ha1534', 4, '2018-10-06');
INSERT INTO ORDERED_PRODUCT VALUES (1672, 110002, 3);

INSERT INTO ORDERED VALUES (1673, 'ha1534', 4, '2018-10-07');
INSERT INTO ORDERED_PRODUCT VALUES (1673, 130005, 5);
INSERT INTO ORDERED_PRODUCT VALUES (1673, 230002, 5);
INSERT INTO ORDERED_PRODUCT VALUES (1673, 230005, 5);

INSERT INTO ORDERED VALUES (1674, 'jiu1043', 3, '2018-10-10');
INSERT INTO ORDERED_PRODUCT VALUES (1674, 110001, 10);
INSERT INTO ORDERED_PRODUCT VALUES (1674, 121002, 10);
INSERT INTO ORDERED_PRODUCT VALUES (1674, 130003, 10);

INSERT INTO ORDERED VALUES (1675, 'sin3925', 7, '2018-10-11');
INSERT INTO ORDERED_PRODUCT VALUES (1675, 130005, 2);

INSERT INTO ORDERED VALUES (1676, 'ha1534', 4, '2018-10-13');
INSERT INTO ORDERED_PRODUCT VALUES (1676, 230001, 3);

INSERT INTO ORDERED VALUES (1677, 'susu1152', 10, '2018-10-13');
INSERT INTO ORDERED_PRODUCT VALUES (1677, 220004, 5);

INSERT INTO ORDERED VALUES (1678, 'dae8768', 12, '2018-10-13');
INSERT INTO ORDERED_PRODUCT VALUES (1678, 130002, 1);
INSERT INTO ORDERED_PRODUCT VALUES (1678, 220002, 1);

INSERT INTO ORDERED VALUES (1679, 'minh6663', 14, '2018-10-14');
INSERT INTO ORDERED_PRODUCT VALUES (1679, 210001, 1);

INSERT INTO STOCK_DATA VALUES(1, 110001, 0);
INSERT INTO STOCK_DATA VALUES(1, 110002, 1);
INSERT INTO STOCK_DATA VALUES(1, 110003, 1);
INSERT INTO STOCK_DATA VALUES(1, 110004, 100);
INSERT INTO STOCK_DATA VALUES(1, 110005, 200);
INSERT INTO STOCK_DATA VALUES(1, 121001, 0);
INSERT INTO STOCK_DATA VALUES(1, 121002, 1);
INSERT INTO STOCK_DATA VALUES(1, 122003, 1);
INSERT INTO STOCK_DATA VALUES(1, 122004, 100);
INSERT INTO STOCK_DATA VALUES(1, 121005, 200);
INSERT INTO STOCK_DATA VALUES(1, 130001, 0);
INSERT INTO STOCK_DATA VALUES(1, 130002, 1);
INSERT INTO STOCK_DATA VALUES(1, 130003, 1);
INSERT INTO STOCK_DATA VALUES(1, 130004, 100);
INSERT INTO STOCK_DATA VALUES(1, 130005, 200);

INSERT INTO STOCK_DATA VALUES(1, 210001, 0);
INSERT INTO STOCK_DATA VALUES(1, 210002, 1);
INSERT INTO STOCK_DATA VALUES(1, 210003, 1);
INSERT INTO STOCK_DATA VALUES(1, 210004, 100);
INSERT INTO STOCK_DATA VALUES(1, 210005, 200);
INSERT INTO STOCK_DATA VALUES(1, 220001, 0);
INSERT INTO STOCK_DATA VALUES(1, 220002, 1);
INSERT INTO STOCK_DATA VALUES(1, 220003, 1);
INSERT INTO STOCK_DATA VALUES(1, 220004, 100);
INSERT INTO STOCK_DATA VALUES(1, 220005, 200);
INSERT INTO STOCK_DATA VALUES(1, 230001, 100);
INSERT INTO STOCK_DATA VALUES(1, 230002, 100);
INSERT INTO STOCK_DATA VALUES(1, 230003, 100);
INSERT INTO STOCK_DATA VALUES(1, 230004, 100);
INSERT INTO STOCK_DATA VALUES(1, 230005, 100);

INSERT INTO STOCK_DATA VALUES(2, 110001, 0);
INSERT INTO STOCK_DATA VALUES(2, 110002, 1);
INSERT INTO STOCK_DATA VALUES(2, 110003, 1);
INSERT INTO STOCK_DATA VALUES(2, 110004, 100);
INSERT INTO STOCK_DATA VALUES(2, 110005, 200);
INSERT INTO STOCK_DATA VALUES(2, 121001, 0);
INSERT INTO STOCK_DATA VALUES(2, 121002, 1);
INSERT INTO STOCK_DATA VALUES(2, 122003, 1);
INSERT INTO STOCK_DATA VALUES(2, 122004, 100);
INSERT INTO STOCK_DATA VALUES(2, 121005, 200);
INSERT INTO STOCK_DATA VALUES(2, 130001, 0);
INSERT INTO STOCK_DATA VALUES(2, 130002, 1);
INSERT INTO STOCK_DATA VALUES(2, 130003, 1);
INSERT INTO STOCK_DATA VALUES(2, 130004, 100);
INSERT INTO STOCK_DATA VALUES(2, 130005, 200);

INSERT INTO STOCK_DATA VALUES(2, 210001, 0);
INSERT INTO STOCK_DATA VALUES(2, 210002, 1);
INSERT INTO STOCK_DATA VALUES(2, 210003, 1);
INSERT INTO STOCK_DATA VALUES(2, 210004, 100);
INSERT INTO STOCK_DATA VALUES(2, 210005, 200);
INSERT INTO STOCK_DATA VALUES(2, 220001, 0);
INSERT INTO STOCK_DATA VALUES(2, 220002, 1);
INSERT INTO STOCK_DATA VALUES(2, 220003, 1);
INSERT INTO STOCK_DATA VALUES(2, 220004, 100);
INSERT INTO STOCK_DATA VALUES(2, 220005, 200);
INSERT INTO STOCK_DATA VALUES(2, 230001, 100);
INSERT INTO STOCK_DATA VALUES(2, 230002, 100);
INSERT INTO STOCK_DATA VALUES(2, 230003, 100);
INSERT INTO STOCK_DATA VALUES(2, 230004, 100);
INSERT INTO STOCK_DATA VALUES(2, 230005, 100);

INSERT INTO STOCK_DATA VALUES(3, 110001, 0);
INSERT INTO STOCK_DATA VALUES(3, 110002, 1);
INSERT INTO STOCK_DATA VALUES(3, 110003, 1);
INSERT INTO STOCK_DATA VALUES(3, 110004, 100);
INSERT INTO STOCK_DATA VALUES(3, 110005, 200);
INSERT INTO STOCK_DATA VALUES(3, 121001, 0);
INSERT INTO STOCK_DATA VALUES(3, 121002, 1);
INSERT INTO STOCK_DATA VALUES(3, 122003, 1);
INSERT INTO STOCK_DATA VALUES(3, 122004, 100);
INSERT INTO STOCK_DATA VALUES(3, 121005, 200);
INSERT INTO STOCK_DATA VALUES(3, 130001, 0);
INSERT INTO STOCK_DATA VALUES(3, 130002, 1);
INSERT INTO STOCK_DATA VALUES(3, 130003, 1);
INSERT INTO STOCK_DATA VALUES(3, 130004, 100);
INSERT INTO STOCK_DATA VALUES(3, 130005, 200);

INSERT INTO STOCK_DATA VALUES(3, 210001, 0);
INSERT INTO STOCK_DATA VALUES(3, 210002, 1);
INSERT INTO STOCK_DATA VALUES(3, 210003, 1);
INSERT INTO STOCK_DATA VALUES(3, 210004, 100);
INSERT INTO STOCK_DATA VALUES(3, 210005, 200);
INSERT INTO STOCK_DATA VALUES(3, 220001, 0);
INSERT INTO STOCK_DATA VALUES(3, 220002, 1);
INSERT INTO STOCK_DATA VALUES(3, 220003, 1);
INSERT INTO STOCK_DATA VALUES(3, 220004, 100);
INSERT INTO STOCK_DATA VALUES(3, 220005, 200);
INSERT INTO STOCK_DATA VALUES(3, 230001, 100);
INSERT INTO STOCK_DATA VALUES(3, 230002, 100);
INSERT INTO STOCK_DATA VALUES(3, 230003, 100);
INSERT INTO STOCK_DATA VALUES(3, 230004, 100);
INSERT INTO STOCK_DATA VALUES(3, 230005, 100);

INSERT INTO STOCK_DATA VALUES(4, 110001, 0);
INSERT INTO STOCK_DATA VALUES(4, 110002, 1);
INSERT INTO STOCK_DATA VALUES(4, 110003, 1);
INSERT INTO STOCK_DATA VALUES(4, 110004, 100);
INSERT INTO STOCK_DATA VALUES(4, 110005, 200);
INSERT INTO STOCK_DATA VALUES(4, 121001, 0);
INSERT INTO STOCK_DATA VALUES(4, 121002, 1);
INSERT INTO STOCK_DATA VALUES(4, 122003, 1);
INSERT INTO STOCK_DATA VALUES(4, 122004, 100);
INSERT INTO STOCK_DATA VALUES(4, 121005, 200);
INSERT INTO STOCK_DATA VALUES(4, 130001, 0);
INSERT INTO STOCK_DATA VALUES(4, 130002, 1);
INSERT INTO STOCK_DATA VALUES(4, 130003, 1);
INSERT INTO STOCK_DATA VALUES(4, 130004, 100);
INSERT INTO STOCK_DATA VALUES(4, 130005, 200);

INSERT INTO STOCK_DATA VALUES(4, 210001, 0);
INSERT INTO STOCK_DATA VALUES(4, 210002, 1);
INSERT INTO STOCK_DATA VALUES(4, 210003, 1);
INSERT INTO STOCK_DATA VALUES(4, 210004, 100);
INSERT INTO STOCK_DATA VALUES(4, 210005, 200);
INSERT INTO STOCK_DATA VALUES(4, 220001, 0);
INSERT INTO STOCK_DATA VALUES(4, 220002, 1);
INSERT INTO STOCK_DATA VALUES(4, 220003, 1);
INSERT INTO STOCK_DATA VALUES(4, 220004, 100);
INSERT INTO STOCK_DATA VALUES(4, 220005, 200);
INSERT INTO STOCK_DATA VALUES(4, 230001, 100);
INSERT INTO STOCK_DATA VALUES(4, 230002, 100);
INSERT INTO STOCK_DATA VALUES(4, 230003, 100);
INSERT INTO STOCK_DATA VALUES(4, 230004, 100);
INSERT INTO STOCK_DATA VALUES(4, 230005, 100);

INSERT INTO STOCK_DATA VALUES(5, 110001, 0);
INSERT INTO STOCK_DATA VALUES(5, 110002, 1);
INSERT INTO STOCK_DATA VALUES(5, 110003, 1);
INSERT INTO STOCK_DATA VALUES(5, 110004, 100);
INSERT INTO STOCK_DATA VALUES(5, 110005, 200);
INSERT INTO STOCK_DATA VALUES(5, 121001, 0);
INSERT INTO STOCK_DATA VALUES(5, 121002, 1);
INSERT INTO STOCK_DATA VALUES(5, 122003, 1);
INSERT INTO STOCK_DATA VALUES(5, 122004, 100);
INSERT INTO STOCK_DATA VALUES(5, 121005, 200);
INSERT INTO STOCK_DATA VALUES(5, 130001, 0);
INSERT INTO STOCK_DATA VALUES(5, 130002, 1);
INSERT INTO STOCK_DATA VALUES(5, 130003, 1);
INSERT INTO STOCK_DATA VALUES(5, 130004, 100);
INSERT INTO STOCK_DATA VALUES(5, 130005, 200);

INSERT INTO STOCK_DATA VALUES(5, 210001, 0);
INSERT INTO STOCK_DATA VALUES(5, 210002, 1);
INSERT INTO STOCK_DATA VALUES(5, 210003, 1);
INSERT INTO STOCK_DATA VALUES(5, 210004, 100);
INSERT INTO STOCK_DATA VALUES(5, 210005, 200);
INSERT INTO STOCK_DATA VALUES(5, 220001, 0);
INSERT INTO STOCK_DATA VALUES(5, 220002, 1);
INSERT INTO STOCK_DATA VALUES(5, 220003, 1);
INSERT INTO STOCK_DATA VALUES(5, 220004, 100);
INSERT INTO STOCK_DATA VALUES(5, 220005, 200);
INSERT INTO STOCK_DATA VALUES(5, 230001, 100);
INSERT INTO STOCK_DATA VALUES(5, 230002, 100);
INSERT INTO STOCK_DATA VALUES(5, 230003, 100);
INSERT INTO STOCK_DATA VALUES(5, 230004, 100);
INSERT INTO STOCK_DATA VALUES(5, 230005, 100);

INSERT INTO STOCK_DATA VALUES(6, 110001, 0);
INSERT INTO STOCK_DATA VALUES(6, 110002, 1);
INSERT INTO STOCK_DATA VALUES(6, 110003, 1);
INSERT INTO STOCK_DATA VALUES(6, 110004, 100);
INSERT INTO STOCK_DATA VALUES(6, 110005, 200);
INSERT INTO STOCK_DATA VALUES(6, 121001, 0);
INSERT INTO STOCK_DATA VALUES(6, 121002, 1);
INSERT INTO STOCK_DATA VALUES(6, 122003, 1);
INSERT INTO STOCK_DATA VALUES(6, 122004, 100);
INSERT INTO STOCK_DATA VALUES(6, 121005, 200);
INSERT INTO STOCK_DATA VALUES(6, 130001, 0);
INSERT INTO STOCK_DATA VALUES(6, 130002, 1);
INSERT INTO STOCK_DATA VALUES(6, 130003, 1);
INSERT INTO STOCK_DATA VALUES(6, 130004, 100);
INSERT INTO STOCK_DATA VALUES(6, 130005, 200);

INSERT INTO STOCK_DATA VALUES(6, 210001, 0);
INSERT INTO STOCK_DATA VALUES(6, 210002, 1);
INSERT INTO STOCK_DATA VALUES(6, 210003, 1);
INSERT INTO STOCK_DATA VALUES(6, 210004, 100);
INSERT INTO STOCK_DATA VALUES(6, 210005, 200);
INSERT INTO STOCK_DATA VALUES(6, 220001, 0);
INSERT INTO STOCK_DATA VALUES(6, 220002, 1);
INSERT INTO STOCK_DATA VALUES(6, 220003, 1);
INSERT INTO STOCK_DATA VALUES(6, 220004, 100);
INSERT INTO STOCK_DATA VALUES(6, 220005, 200);
INSERT INTO STOCK_DATA VALUES(6, 230001, 100);
INSERT INTO STOCK_DATA VALUES(6, 230002, 100);
INSERT INTO STOCK_DATA VALUES(6, 230003, 100);
INSERT INTO STOCK_DATA VALUES(6, 230004, 100);
INSERT INTO STOCK_DATA VALUES(6, 230005, 100);

INSERT INTO STOCK_DATA VALUES(7, 110001, 0);
INSERT INTO STOCK_DATA VALUES(7, 110002, 1);
INSERT INTO STOCK_DATA VALUES(7, 110003, 1);
INSERT INTO STOCK_DATA VALUES(7, 110004, 100);
INSERT INTO STOCK_DATA VALUES(7, 110005, 200);
INSERT INTO STOCK_DATA VALUES(7, 121001, 0);
INSERT INTO STOCK_DATA VALUES(7, 121002, 1);
INSERT INTO STOCK_DATA VALUES(7, 122003, 1);
INSERT INTO STOCK_DATA VALUES(7, 122004, 100);
INSERT INTO STOCK_DATA VALUES(7, 121005, 200);
INSERT INTO STOCK_DATA VALUES(7, 130001, 0);
INSERT INTO STOCK_DATA VALUES(7, 130002, 1);
INSERT INTO STOCK_DATA VALUES(7, 130003, 1);
INSERT INTO STOCK_DATA VALUES(7, 130004, 100);
INSERT INTO STOCK_DATA VALUES(7, 130005, 200);

INSERT INTO STOCK_DATA VALUES(7, 210001, 0);
INSERT INTO STOCK_DATA VALUES(7, 210002, 1);
INSERT INTO STOCK_DATA VALUES(7, 210003, 1);
INSERT INTO STOCK_DATA VALUES(7, 210004, 100);
INSERT INTO STOCK_DATA VALUES(7, 210005, 200);
INSERT INTO STOCK_DATA VALUES(7, 220001, 0);
INSERT INTO STOCK_DATA VALUES(7, 220002, 1);
INSERT INTO STOCK_DATA VALUES(7, 220003, 1);
INSERT INTO STOCK_DATA VALUES(7, 220004, 100);
INSERT INTO STOCK_DATA VALUES(7, 220005, 200);
INSERT INTO STOCK_DATA VALUES(7, 230001, 100);
INSERT INTO STOCK_DATA VALUES(7, 230002, 100);
INSERT INTO STOCK_DATA VALUES(7, 230003, 100);
INSERT INTO STOCK_DATA VALUES(7, 230004, 100);
INSERT INTO STOCK_DATA VALUES(7, 230005, 100);

INSERT INTO STOCK_DATA VALUES(8, 110001, 0);
INSERT INTO STOCK_DATA VALUES(8, 110002, 1);
INSERT INTO STOCK_DATA VALUES(8, 110003, 1);
INSERT INTO STOCK_DATA VALUES(8, 110004, 100);
INSERT INTO STOCK_DATA VALUES(8, 110005, 200);
INSERT INTO STOCK_DATA VALUES(8, 121001, 0);
INSERT INTO STOCK_DATA VALUES(8, 121002, 1);
INSERT INTO STOCK_DATA VALUES(8, 122003, 1);
INSERT INTO STOCK_DATA VALUES(8, 122004, 100);
INSERT INTO STOCK_DATA VALUES(8, 121005, 200);
INSERT INTO STOCK_DATA VALUES(8, 130001, 0);
INSERT INTO STOCK_DATA VALUES(8, 130002, 1);
INSERT INTO STOCK_DATA VALUES(8, 130003, 1);
INSERT INTO STOCK_DATA VALUES(8, 130004, 100);
INSERT INTO STOCK_DATA VALUES(8, 130005, 200);

INSERT INTO STOCK_DATA VALUES(8, 210001, 0);
INSERT INTO STOCK_DATA VALUES(8, 210002, 1);
INSERT INTO STOCK_DATA VALUES(8, 210003, 1);
INSERT INTO STOCK_DATA VALUES(8, 210004, 100);
INSERT INTO STOCK_DATA VALUES(8, 210005, 200);
INSERT INTO STOCK_DATA VALUES(8, 220001, 0);
INSERT INTO STOCK_DATA VALUES(8, 220002, 1);
INSERT INTO STOCK_DATA VALUES(8, 220003, 1);
INSERT INTO STOCK_DATA VALUES(8, 220004, 100);
INSERT INTO STOCK_DATA VALUES(8, 220005, 200);
INSERT INTO STOCK_DATA VALUES(8, 230001, 100);
INSERT INTO STOCK_DATA VALUES(8, 230002, 100);
INSERT INTO STOCK_DATA VALUES(8, 230003, 100);
INSERT INTO STOCK_DATA VALUES(8, 230004, 100);
INSERT INTO STOCK_DATA VALUES(8, 230005, 100);

INSERT INTO STOCK_DATA VALUES(9, 110001, 0);
INSERT INTO STOCK_DATA VALUES(9, 110002, 1);
INSERT INTO STOCK_DATA VALUES(9, 110003, 1);
INSERT INTO STOCK_DATA VALUES(9, 110004, 100);
INSERT INTO STOCK_DATA VALUES(9, 110005, 200);
INSERT INTO STOCK_DATA VALUES(9, 121001, 0);
INSERT INTO STOCK_DATA VALUES(9, 121002, 1);
INSERT INTO STOCK_DATA VALUES(9, 122003, 1);
INSERT INTO STOCK_DATA VALUES(9, 122004, 100);
INSERT INTO STOCK_DATA VALUES(9, 121005, 200);
INSERT INTO STOCK_DATA VALUES(9, 130001, 0);
INSERT INTO STOCK_DATA VALUES(9, 130002, 1);
INSERT INTO STOCK_DATA VALUES(9, 130003, 1);
INSERT INTO STOCK_DATA VALUES(9, 130004, 100);
INSERT INTO STOCK_DATA VALUES(9, 130005, 200);

INSERT INTO STOCK_DATA VALUES(9, 210001, 0);
INSERT INTO STOCK_DATA VALUES(9, 210002, 1);
INSERT INTO STOCK_DATA VALUES(9, 210003, 1);
INSERT INTO STOCK_DATA VALUES(9, 210004, 100);
INSERT INTO STOCK_DATA VALUES(9, 210005, 200);
INSERT INTO STOCK_DATA VALUES(9, 220001, 0);
INSERT INTO STOCK_DATA VALUES(9, 220002, 1);
INSERT INTO STOCK_DATA VALUES(9, 220003, 1);
INSERT INTO STOCK_DATA VALUES(9, 220004, 100);
INSERT INTO STOCK_DATA VALUES(9, 220005, 200);
INSERT INTO STOCK_DATA VALUES(9, 230001, 100);
INSERT INTO STOCK_DATA VALUES(9, 230002, 100);
INSERT INTO STOCK_DATA VALUES(9, 230003, 100);
INSERT INTO STOCK_DATA VALUES(9, 230004, 100);
INSERT INTO STOCK_DATA VALUES(9, 230005, 100);

INSERT INTO STOCK_DATA VALUES(10, 110001, 0);
INSERT INTO STOCK_DATA VALUES(10, 110002, 1);
INSERT INTO STOCK_DATA VALUES(10, 110003, 1);
INSERT INTO STOCK_DATA VALUES(10, 110004, 100);
INSERT INTO STOCK_DATA VALUES(10, 110005, 200);
INSERT INTO STOCK_DATA VALUES(10, 121001, 0);
INSERT INTO STOCK_DATA VALUES(10, 121002, 1);
INSERT INTO STOCK_DATA VALUES(10, 122003, 1);
INSERT INTO STOCK_DATA VALUES(10, 122004, 100);
INSERT INTO STOCK_DATA VALUES(10, 121005, 200);
INSERT INTO STOCK_DATA VALUES(10, 130001, 0);
INSERT INTO STOCK_DATA VALUES(10, 130002, 1);
INSERT INTO STOCK_DATA VALUES(10, 130003, 1);
INSERT INTO STOCK_DATA VALUES(10, 130004, 100);
INSERT INTO STOCK_DATA VALUES(10, 130005, 200);

INSERT INTO STOCK_DATA VALUES(10, 210001, 0);
INSERT INTO STOCK_DATA VALUES(10, 210002, 1);
INSERT INTO STOCK_DATA VALUES(10, 210003, 1);
INSERT INTO STOCK_DATA VALUES(10, 210004, 100);
INSERT INTO STOCK_DATA VALUES(10, 210005, 200);
INSERT INTO STOCK_DATA VALUES(10, 220001, 0);
INSERT INTO STOCK_DATA VALUES(10, 220002, 1);
INSERT INTO STOCK_DATA VALUES(10, 220003, 1);
INSERT INTO STOCK_DATA VALUES(10, 220004, 100);
INSERT INTO STOCK_DATA VALUES(10, 220005, 200);
INSERT INTO STOCK_DATA VALUES(10, 230001, 100);
INSERT INTO STOCK_DATA VALUES(10, 230002, 100);
INSERT INTO STOCK_DATA VALUES(10, 230003, 100);
INSERT INTO STOCK_DATA VALUES(10, 230004, 100);
INSERT INTO STOCK_DATA VALUES(10, 230005, 100);

INSERT INTO STOCK_DATA VALUES(11, 110001, 0);
INSERT INTO STOCK_DATA VALUES(11, 110002, 1);
INSERT INTO STOCK_DATA VALUES(11, 110003, 1);
INSERT INTO STOCK_DATA VALUES(11, 110004, 100);
INSERT INTO STOCK_DATA VALUES(11, 110005, 200);
INSERT INTO STOCK_DATA VALUES(11, 121001, 0);
INSERT INTO STOCK_DATA VALUES(11, 121002, 1);
INSERT INTO STOCK_DATA VALUES(11, 122003, 1);
INSERT INTO STOCK_DATA VALUES(11, 122004, 100);
INSERT INTO STOCK_DATA VALUES(11, 121005, 200);
INSERT INTO STOCK_DATA VALUES(11, 130001, 0);
INSERT INTO STOCK_DATA VALUES(11, 130002, 1);
INSERT INTO STOCK_DATA VALUES(11, 130003, 1);
INSERT INTO STOCK_DATA VALUES(11, 130004, 100);
INSERT INTO STOCK_DATA VALUES(11, 130005, 200);

INSERT INTO STOCK_DATA VALUES(11, 210001, 0);
INSERT INTO STOCK_DATA VALUES(11, 210002, 1);
INSERT INTO STOCK_DATA VALUES(11, 210003, 1);
INSERT INTO STOCK_DATA VALUES(11, 210004, 100);
INSERT INTO STOCK_DATA VALUES(11, 210005, 200);
INSERT INTO STOCK_DATA VALUES(11, 220001, 0);
INSERT INTO STOCK_DATA VALUES(11, 220002, 1);
INSERT INTO STOCK_DATA VALUES(11, 220003, 1);
INSERT INTO STOCK_DATA VALUES(11, 220004, 100);
INSERT INTO STOCK_DATA VALUES(11, 220005, 200);
INSERT INTO STOCK_DATA VALUES(11, 230001, 100);
INSERT INTO STOCK_DATA VALUES(11, 230002, 100);
INSERT INTO STOCK_DATA VALUES(11, 230003, 100);
INSERT INTO STOCK_DATA VALUES(11, 230004, 100);
INSERT INTO STOCK_DATA VALUES(11, 230005, 100);

INSERT INTO STOCK_DATA VALUES(12, 110001, 0);
INSERT INTO STOCK_DATA VALUES(12, 110002, 1);
INSERT INTO STOCK_DATA VALUES(12, 110003, 1);
INSERT INTO STOCK_DATA VALUES(12, 110004, 100);
INSERT INTO STOCK_DATA VALUES(12, 110005, 200);
INSERT INTO STOCK_DATA VALUES(12, 121001, 0);
INSERT INTO STOCK_DATA VALUES(12, 121002, 1);
INSERT INTO STOCK_DATA VALUES(12, 122003, 1);
INSERT INTO STOCK_DATA VALUES(12, 122004, 100);
INSERT INTO STOCK_DATA VALUES(12, 121005, 200);
INSERT INTO STOCK_DATA VALUES(12, 130001, 0);
INSERT INTO STOCK_DATA VALUES(12, 130002, 1);
INSERT INTO STOCK_DATA VALUES(12, 130003, 1);
INSERT INTO STOCK_DATA VALUES(12, 130004, 100);
INSERT INTO STOCK_DATA VALUES(12, 130005, 200);


INSERT INTO STOCK_DATA VALUES(12, 210001, 0);
INSERT INTO STOCK_DATA VALUES(12, 210002, 1);
INSERT INTO STOCK_DATA VALUES(12, 210003, 1);
INSERT INTO STOCK_DATA VALUES(12, 210004, 100);
INSERT INTO STOCK_DATA VALUES(12, 210005, 200);
INSERT INTO STOCK_DATA VALUES(12, 220001, 0);
INSERT INTO STOCK_DATA VALUES(12, 220002, 1);
INSERT INTO STOCK_DATA VALUES(12, 220003, 1);
INSERT INTO STOCK_DATA VALUES(12, 220004, 100);
INSERT INTO STOCK_DATA VALUES(12, 220005, 200);
INSERT INTO STOCK_DATA VALUES(12, 230001, 100);
INSERT INTO STOCK_DATA VALUES(12, 230002, 100);
INSERT INTO STOCK_DATA VALUES(12, 230003, 100);
INSERT INTO STOCK_DATA VALUES(12, 230004, 100);
INSERT INTO STOCK_DATA VALUES(12, 230005, 100);

INSERT INTO STOCK_DATA VALUES(13, 110001, 0);
INSERT INTO STOCK_DATA VALUES(13, 110002, 1);
INSERT INTO STOCK_DATA VALUES(13, 110003, 1);
INSERT INTO STOCK_DATA VALUES(13, 110004, 100);
INSERT INTO STOCK_DATA VALUES(13, 110005, 200);
INSERT INTO STOCK_DATA VALUES(13, 121001, 0);
INSERT INTO STOCK_DATA VALUES(13, 121002, 1);
INSERT INTO STOCK_DATA VALUES(13, 122003, 1);
INSERT INTO STOCK_DATA VALUES(13, 122004, 100);
INSERT INTO STOCK_DATA VALUES(13, 121005, 200);
INSERT INTO STOCK_DATA VALUES(13, 130001, 0);
INSERT INTO STOCK_DATA VALUES(13, 130002, 1);
INSERT INTO STOCK_DATA VALUES(13, 130003, 1);
INSERT INTO STOCK_DATA VALUES(13, 130004, 100);
INSERT INTO STOCK_DATA VALUES(13, 130005, 200);

INSERT INTO STOCK_DATA VALUES(13, 210001, 0);
INSERT INTO STOCK_DATA VALUES(13, 210002, 1);
INSERT INTO STOCK_DATA VALUES(13, 210003, 1);
INSERT INTO STOCK_DATA VALUES(13, 210004, 100);
INSERT INTO STOCK_DATA VALUES(13, 210005, 200);
INSERT INTO STOCK_DATA VALUES(13, 220001, 0);
INSERT INTO STOCK_DATA VALUES(13, 220002, 1);
INSERT INTO STOCK_DATA VALUES(13, 220003, 1);
INSERT INTO STOCK_DATA VALUES(13, 220004, 100);
INSERT INTO STOCK_DATA VALUES(13, 220005, 200);
INSERT INTO STOCK_DATA VALUES(13, 230001, 100);
INSERT INTO STOCK_DATA VALUES(13, 230002, 100);
INSERT INTO STOCK_DATA VALUES(13, 230003, 100);
INSERT INTO STOCK_DATA VALUES(13, 230004, 100);
INSERT INTO STOCK_DATA VALUES(13, 230005, 100);

INSERT INTO STOCK_DATA VALUES(14, 110001, 0);
INSERT INTO STOCK_DATA VALUES(14, 110002, 1);
INSERT INTO STOCK_DATA VALUES(14, 110003, 1);
INSERT INTO STOCK_DATA VALUES(14, 110004, 100);
INSERT INTO STOCK_DATA VALUES(14, 110005, 200);
INSERT INTO STOCK_DATA VALUES(14, 121001, 0);
INSERT INTO STOCK_DATA VALUES(14, 121002, 1);
INSERT INTO STOCK_DATA VALUES(14, 122003, 1);
INSERT INTO STOCK_DATA VALUES(14, 122004, 100);
INSERT INTO STOCK_DATA VALUES(14, 121005, 200);
INSERT INTO STOCK_DATA VALUES(14, 130001, 0);
INSERT INTO STOCK_DATA VALUES(14, 130002, 1);
INSERT INTO STOCK_DATA VALUES(14, 130003, 1);
INSERT INTO STOCK_DATA VALUES(14, 130004, 100);
INSERT INTO STOCK_DATA VALUES(14, 130005, 200);

INSERT INTO STOCK_DATA VALUES(14, 210001, 0);
INSERT INTO STOCK_DATA VALUES(14, 210002, 1);
INSERT INTO STOCK_DATA VALUES(14, 210003, 1);
INSERT INTO STOCK_DATA VALUES(14, 210004, 100);
INSERT INTO STOCK_DATA VALUES(14, 210005, 200);
INSERT INTO STOCK_DATA VALUES(14, 220001, 0);
INSERT INTO STOCK_DATA VALUES(14, 220002, 1);
INSERT INTO STOCK_DATA VALUES(14, 220003, 1);
INSERT INTO STOCK_DATA VALUES(14, 220004, 100);
INSERT INTO STOCK_DATA VALUES(14, 220005, 200);
INSERT INTO STOCK_DATA VALUES(14, 230001, 100);
INSERT INTO STOCK_DATA VALUES(14, 230002, 100);
INSERT INTO STOCK_DATA VALUES(14, 230003, 100);
INSERT INTO STOCK_DATA VALUES(14, 230004, 100);
INSERT INTO STOCK_DATA VALUES(14, 230005, 100);

INSERT INTO STOCK_DATA VALUES(15, 110001, 0);
INSERT INTO STOCK_DATA VALUES(15, 110002, 1);
INSERT INTO STOCK_DATA VALUES(15, 110003, 1);
INSERT INTO STOCK_DATA VALUES(15, 110004, 100);
INSERT INTO STOCK_DATA VALUES(15, 110005, 200);
INSERT INTO STOCK_DATA VALUES(15, 121001, 0);
INSERT INTO STOCK_DATA VALUES(15, 121002, 1);
INSERT INTO STOCK_DATA VALUES(15, 122003, 1);
INSERT INTO STOCK_DATA VALUES(15, 122004, 100);
INSERT INTO STOCK_DATA VALUES(15, 121005, 200);
INSERT INTO STOCK_DATA VALUES(15, 130001, 0);
INSERT INTO STOCK_DATA VALUES(15, 130002, 1);
INSERT INTO STOCK_DATA VALUES(15, 130003, 1);
INSERT INTO STOCK_DATA VALUES(15, 130004, 100);
INSERT INTO STOCK_DATA VALUES(15, 130005, 200);

INSERT INTO STOCK_DATA VALUES(15, 210001, 0);
INSERT INTO STOCK_DATA VALUES(15, 210002, 1);
INSERT INTO STOCK_DATA VALUES(15, 210003, 1);
INSERT INTO STOCK_DATA VALUES(15, 210004, 100);
INSERT INTO STOCK_DATA VALUES(15, 210005, 200);
INSERT INTO STOCK_DATA VALUES(15, 220001, 0);
INSERT INTO STOCK_DATA VALUES(15, 220002, 1);
INSERT INTO STOCK_DATA VALUES(15, 220003, 1);
INSERT INTO STOCK_DATA VALUES(15, 220004, 100);
INSERT INTO STOCK_DATA VALUES(15, 220005, 200);
INSERT INTO STOCK_DATA VALUES(15, 230001, 100);
INSERT INTO STOCK_DATA VALUES(15, 230002, 100);
INSERT INTO STOCK_DATA VALUES(15, 230003, 100);
INSERT INTO STOCK_DATA VALUES(15, 230004, 100);
INSERT INTO STOCK_DATA VALUES(15, 230005, 100);

INSERT INTO STOCK_DATA VALUES(16, 110001, 0);
INSERT INTO STOCK_DATA VALUES(16, 110002, 1);
INSERT INTO STOCK_DATA VALUES(16, 110003, 1);
INSERT INTO STOCK_DATA VALUES(16, 110004, 100);
INSERT INTO STOCK_DATA VALUES(16, 110005, 200);
INSERT INTO STOCK_DATA VALUES(16, 121001, 0);
INSERT INTO STOCK_DATA VALUES(16, 121002, 1);
INSERT INTO STOCK_DATA VALUES(16, 122003, 1);
INSERT INTO STOCK_DATA VALUES(16, 122004, 100);
INSERT INTO STOCK_DATA VALUES(16, 121005, 200);
INSERT INTO STOCK_DATA VALUES(16, 130001, 0);
INSERT INTO STOCK_DATA VALUES(16, 130002, 1);
INSERT INTO STOCK_DATA VALUES(16, 130003, 1);
INSERT INTO STOCK_DATA VALUES(16, 130004, 100);
INSERT INTO STOCK_DATA VALUES(16, 130005, 200);

INSERT INTO STOCK_DATA VALUES(16, 210001, 0);
INSERT INTO STOCK_DATA VALUES(16, 210002, 1);
INSERT INTO STOCK_DATA VALUES(16, 210003, 1);
INSERT INTO STOCK_DATA VALUES(16, 210004, 100);
INSERT INTO STOCK_DATA VALUES(16, 210005, 200);
INSERT INTO STOCK_DATA VALUES(16, 220001, 0);
INSERT INTO STOCK_DATA VALUES(16, 220002, 1);
INSERT INTO STOCK_DATA VALUES(16, 220003, 1);
INSERT INTO STOCK_DATA VALUES(16, 220004, 100);
INSERT INTO STOCK_DATA VALUES(16, 220005, 200);
INSERT INTO STOCK_DATA VALUES(16, 230001, 100);
INSERT INTO STOCK_DATA VALUES(16, 230002, 100);
INSERT INTO STOCK_DATA VALUES(16, 230003, 100);
INSERT INTO STOCK_DATA VALUES(16, 230004, 100);
INSERT INTO STOCK_DATA VALUES(16, 230005, 100);

INSERT INTO SHOPPINGBAG VALUES ('do1234', 110001, 1);
INSERT INTO SHOPPINGBAG VALUES ('do1234', 110002, 1);
INSERT INTO SHOPPINGBAG VALUES ('do1234', 110003, 1);
INSERT INTO SHOPPINGBAG VALUES ('do1234', 110004, 1);
INSERT INTO SHOPPINGBAG VALUES ('do1234', 110005, 1);
INSERT INTO SHOPPINGBAG VALUES ('do1234', 121001, 1);
INSERT INTO SHOPPINGBAG VALUES ('do1234', 121002, 1);
INSERT INTO SHOPPINGBAG VALUES ('do1234', 122003, 1);
INSERT INTO SHOPPINGBAG VALUES ('do1234', 122004, 1);
INSERT INTO SHOPPINGBAG VALUES ('do1234', 121005, 1);

INSERT INTO SHOPPINGBAG VALUES ('hj5678', 110001, 1);
INSERT INTO SHOPPINGBAG VALUES ('hj5678', 110002, 1);
INSERT INTO SHOPPINGBAG VALUES ('hj5678', 110003, 1);
INSERT INTO SHOPPINGBAG VALUES ('hj5678', 110004, 1);
INSERT INTO SHOPPINGBAG VALUES ('hj5678', 110005, 1);
INSERT INTO SHOPPINGBAG VALUES ('hj5678', 121001, 1);
INSERT INTO SHOPPINGBAG VALUES ('hj5678', 121002, 1);
INSERT INTO SHOPPINGBAG VALUES ('hj5678', 122003, 1);
INSERT INTO SHOPPINGBAG VALUES ('hj5678', 122004, 1);
INSERT INTO SHOPPINGBAG VALUES ('hj5678', 121005, 1);

INSERT INTO SHOPPINGBAG VALUES ('ha2075', 130001, 1);
INSERT INTO SHOPPINGBAG VALUES ('ha2075', 130002, 1);
INSERT INTO SHOPPINGBAG VALUES ('ha2075', 130003, 1);
INSERT INTO SHOPPINGBAG VALUES ('ha2075', 130004, 1);
INSERT INTO SHOPPINGBAG VALUES ('ha2075', 130005, 1);
INSERT INTO SHOPPINGBAG VALUES ('ha2075', 210001, 1);
INSERT INTO SHOPPINGBAG VALUES ('ha2075', 210002, 1);
INSERT INTO SHOPPINGBAG VALUES ('ha2075', 210003, 1);
INSERT INTO SHOPPINGBAG VALUES ('ha2075', 210004, 1);
INSERT INTO SHOPPINGBAG VALUES ('ha2075', 210005, 1);

INSERT INTO SHOPPINGBAG VALUES ('se1594', 130001, 1);
INSERT INTO SHOPPINGBAG VALUES ('se1594', 130002, 1);
INSERT INTO SHOPPINGBAG VALUES ('se1594', 130003, 1);
INSERT INTO SHOPPINGBAG VALUES ('se1594', 130004, 1);
INSERT INTO SHOPPINGBAG VALUES ('se1594', 130005, 1);
INSERT INTO SHOPPINGBAG VALUES ('se1594', 210001, 1);
INSERT INTO SHOPPINGBAG VALUES ('se1594', 210002, 1);
INSERT INTO SHOPPINGBAG VALUES ('se1594', 210003, 1);
INSERT INTO SHOPPINGBAG VALUES ('se1594', 210004, 1);
INSERT INTO SHOPPINGBAG VALUES ('se1594', 210005, 1);

INSERT INTO SHOPPINGBAG VALUES ('se5749', 220001, 1);
INSERT INTO SHOPPINGBAG VALUES ('se5749', 220002, 1);
INSERT INTO SHOPPINGBAG VALUES ('se5749', 220003, 1);
INSERT INTO SHOPPINGBAG VALUES ('se5749', 220004, 1);
INSERT INTO SHOPPINGBAG VALUES ('se5749', 220005, 1);
INSERT INTO SHOPPINGBAG VALUES ('se5749', 230001, 1);
INSERT INTO SHOPPINGBAG VALUES ('se5749', 230002, 1);
INSERT INTO SHOPPINGBAG VALUES ('se5749', 230003, 1);
INSERT INTO SHOPPINGBAG VALUES ('se5749', 230004, 1);
INSERT INTO SHOPPINGBAG VALUES ('se5749', 230005, 1);

INSERT INTO SHOPPINGBAG VALUES ('ha1534', 210001, 1);

INSERT INTO SHOPPINGBAG VALUES ('seo9106', 210005, 1);

INSERT INTO SHOPPINGBAG VALUES ('siu5732', 220002, 1);

INSERT INTO SHOPPINGBAG VALUES ('min1534', 220003, 1);

INSERT INTO SHOPPINGBAG VALUES ('ye7581', 220003, 1);

INSERT INTO SHOPPINGBAG VALUES ('ji0928', 230001, 1);

INSERT INTO SHOPPINGBAG VALUES ('jiu1043', 230004, 1);

INSERT INTO SHOPPINGBAG VALUES ('ha1483', 230004, 1);

INSERT INTO SHOPPINGBAG VALUES ('sua6839', 230004, 1);

INSERT INTO SHOPPINGBAG VALUES ('jia6830', 230005, 1);
